Category,Name,Status,Version,Priority,Description,Notes
"核心引擎","内容级判重","已完成","v0.1.0","P0","SHA-256 全量哈希，跨目录/跨改名/多层 (N) 后缀命中","三级流水线：大小分组 → prehash → 全量"
"核心引擎","预筛强度","已完成","v0.2.0","P0","16/32/64/128 KB 四档预筛片段，平衡速度与精度","原「头部大小」，已更名"
"核心引擎","扫描方式","已完成","v0.3.0","P0","全量哈希 / 只比头部 / 只比文件名 / 只比文件大小","新增 Name 和 Size 模式"
"核心引擎","保留策略","已完成","v0.1.0","P0","Cleanest / Newest / Original / Highest 四种策略","默认 Cleanest"
"核心引擎","硬链接检测","已完成","v0.1.0","P1","识别硬链接，区分表面/真实可释放空间","需要 Windows API"
"核心引擎","多目录扫描","已完成","v0.2.0","P1","支持分号分隔多个路径，合并结果","CLI 参数 -Paths"
"核心引擎","文件类型过滤","已完成","v0.2.0","P1","IncludeExt / ExcludeExt 参数控制","UI 已暴露"
"核心引擎","最小文件大小","已完成","v0.2.0","P2","MinSize 参数，UI 下拉选择","1KB-1MB 五档"
"安全与恢复","隔离区","已完成","v0.1.0","P0","移入隔离区而非直接删除，保留 manifest","默认动作"
"安全与恢复","一键还原","已完成","v0.1.0","P0","从隔离区恢复全部或选中文件","网页/CLI 都支持"
"安全与恢复","永久删除","已完成","v0.1.0","P0","需二次确认，直接删除文件","高危操作"
"安全与恢复","操作日志","已完成","v0.2.0","P1","ops.jsonl append-only，永不丢失","独立于隔离区"
"安全与恢复","扫描终止","已完成","v0.3.0","P1","后台任务可中断，开始新任务","新增 /api/stop-scan"
"用户界面","网页界面","已完成","v0.1.0","P0","本地 TcpListener 服务，免管理员","127.0.0.1 only"
"用户界面","深色/浅色主题","已完成","v0.3.0","P2","localStorage 记忆用户偏好","新增"
"用户界面","响应式布局","已完成","v0.3.0","P2","适配小窗口和移动端","新增"
"用户界面","目录浏览","已完成","v0.3.0","P1","模态框浏览本机目录，支持下钻","新增 /api/browse"
"用户界面","文件类型筛选","已完成","v0.3.0","P1","图片/视频/音频/文档/压缩包快捷筛选","新增"
"用户界面","进度显示","已完成","v0.2.0","P1","阶段进度 + 百分比 + 已用时间","后台轮询"
"用户界面","分页浏览","已完成","v0.1.0","P1","每页 50 组，服务端分页","避免 DOM 爆炸"
"用户界面","统计卡片","已完成","v0.2.0","P1","重复组/待清理/可释放/耗时等","实时更新"
"输出与集成","CSV 导出","已完成","v0.1.0","P1","清理计划导出，含完整路径","Excel 兼容"
"输出与集成","命令行版","已完成","v0.1.0","P1","dedup.ps1 全功能 CLI","适合脚本化"
"输出与集成","一键启动器","已完成","v0.1.0","P1","清理重复文件.bat 双击即用","自动选端口+开浏览器"
"规划功能","JSON 导出","规划中","v0.4.0","P2","扫描结果导出为 JSON","API 已有数据"
"规划功能","文件预览","规划中","v0.4.0","P2","图片缩略图、文本前 N 行预览","需要文件类型检测"
"规划功能","表格排序","规划中","v0.4.0","P2","按大小/日期/组数排序","前端实现"
"规划功能","历史记录","规划中","v0.4.0","P2","扫描历史列表，快速对比","读取 _dedup_logs"
"规划功能","exe 打包","进行中","v0.4.0","P1","ps2exe 单文件可执行程序","当前阶段"
"规划功能","自动更新","规划中","v0.5.0","P3","检查 GitHub Release 更新","需要版本 API"
"规划功能","多语言","规划中","v0.5.0","P3","中英文切换","i18n 框架"
"规划功能","云存储支持","规划中","v0.6.0","P3","OneDrive/百度网盘占位符识别","需要云 API"
